Position,Freq,B Field
1,10.029039,2.343
2,10.029181,2.349
3,10.033338,2.35
4,10.033736,2.346
5,10.033707,2.353
6,10.043256,2.373
7,10.03496,2.35
8,10.037377,2.36
9,10.037123,2.365
10,10.030688,2.249
11,10.032607,2.344
12,10.043044,2.355
13,10.026641,2.349
14,10.024645,2.35
15,10.023831,2.354