Position,Freq
1,10.02903900
2,10.02918100
3,10.03333800
4,10.03373600
5,10.03370700
6,10.04325600
7,10.03496000
8,10.03737700
9,10.03712300
10,10.03068800
11,10.03260700
12,10.04304400
13,10.02664100
14,10.02464500
15,10.02383100