CuSO4 Percent Composition,T2 [s]
0.50,0.00042
0.25,0.0005
0.125,0.0005
0.0625,0.0006
0.03125,0.0006
0.015625,0.00075
0,0.0008